{"cameraMode":{"drawMode":0,"name":"Shaded","section":"Shading Mode"},"sceneLighting":false,"audioPlay":false,"sceneViewState":{"m_AlwaysRefresh":false,"showFog":true,"showSkybox":false,"showFlares":true,"showImageEffects":true,"showParticleSystems":true,"showVisualEffectGraphs":true,"m_FxEnabled":true},"in2DMode":false,"pivot":{"x":-231.45932006835938,"y":-4.8561553955078129,"z":-125.76260375976563},"rotation":{"x":0.3262555003166199,"y":0.21161068975925446,"z":-0.07518862187862396,"w":0.9182276129722595},"size":16.666961669921876,"orthographic":false}