{"cameraMode":{"drawMode":0,"name":"Shaded","section":"Shading Mode"},"sceneLighting":false,"audioPlay":false,"sceneViewState":{"m_AlwaysRefresh":false,"showFog":true,"showSkybox":false,"showFlares":true,"showImageEffects":true,"showParticleSystems":true,"showVisualEffectGraphs":true,"m_FxEnabled":true},"in2DMode":false,"pivot":{"x":-0.009638667106628418,"y":1.0494314432144166,"z":-10.336711883544922},"rotation":{"x":0.3451572358608246,"y":0.6211351752281189,"z":-0.3518553078174591,"w":0.6093207597732544},"size":2.5097765922546388,"orthographic":false}