{"cameraMode":{"drawMode":0,"name":"Shaded","section":"Shading Mode"},"sceneLighting":false,"audioPlay":false,"sceneViewState":{"m_AlwaysRefresh":false,"showFog":true,"showSkybox":false,"showFlares":true,"showImageEffects":true,"showParticleSystems":true,"showVisualEffectGraphs":true,"m_FxEnabled":true},"in2DMode":false,"pivot":{"x":-224.29241943359376,"y":-16.591472625732423,"z":-139.56097412109376},"rotation":{"x":0.24321284890174867,"y":0.6651754379272461,"z":-0.24424126744270326,"w":0.6623842120170593},"size":25.391143798828126,"orthographic":false}