{"count":1,"self":27695.6577792,"total":40932.506775,"children":{"InitializeActuators":{"count":12,"self":0.0025889999999999997,"total":0.0025889999999999997,"children":null},"InitializeSensors":{"count":12,"self":0.00198,"total":0.00198,"children":null},"AgentSendState":{"count":684601,"self":48.889990399999995,"total":2975.9668939999997,"children":{"CollectObservations":{"count":8215212,"self":2472.8698879999997,"total":2472.869946,"children":null},"WriteActionMask":{"count":8215212,"self":11.473571999999999,"total":11.473571999999999,"children":null},"RequestDecision":{"count":8215212,"self":35.3751296,"total":442.733387,"children":{"AgentInfo.ToProto":{"count":8215212,"self":36.62312,"total":407.358259,"children":{"GenerateSensorData":{"count":8215212,"self":370.7351296,"total":370.73514,"children":null}}}}}}},"DecideAction":{"count":684601,"self":7543.8907392,"total":7543.8904589999993,"children":null},"AgentAct":{"count":684601,"self":2714.6825728,"total":2715.356326,"children":{"AgentInfo.ToProto":{"count":10900,"self":0.11684499999999999,"total":0.673752,"children":{"GenerateSensorData":{"count":10900,"self":0.55690699999999993,"total":0.55690699999999993,"children":null}}}}},"AgentInfo.ToProto":{"count":26913,"self":0.301564,"total":1.628647,"children":{"GenerateSensorData":{"count":26913,"self":1.327083,"total":1.327083,"children":null}}}},"gauges":{"Park90RC.CumulativeReward":{"count":37813,"max":11496.0869,"min":-5611.96436,"runningAverage":1720.109,"value":1106.002,"weightedAverage":587.8972}},"metadata":{"timer_format_version":"0.1.0","start_time_seconds":"1720734485","unity_version":"2022.3.30f1","command_line_arguments":"\/home\/hugo\/Repositories\/Unity\/AI-Parking-RC-Unity-v2\/Builds\/90RC_3stack.x86_64 --mlagents-port 5005 -logFile \/home\/hugo\/Repositories\/Unity\/AI-Parking-RC-Unity-v2\/results\/90RC3\/run_logs\/Player-0.log","communication_protocol_version":"1.5.0","com.unity.ml-agents_version":"2.0.1","scene_name":"90RC","end_time_seconds":"1720775417"}}