{"count":1,"self":3998.3390719999998,"total":5996.3214609999995,"children":{"InitializeActuators":{"count":12,"self":0.004043,"total":0.004043,"children":null},"InitializeSensors":{"count":12,"self":0.0030989999999999998,"total":0.0030989999999999998,"children":null},"AgentSendState":{"count":101851,"self":7.4079752,"total":451.06377999999995,"children":{"CollectObservations":{"count":1222212,"self":372.2010368,"total":372.201035,"children":null},"WriteActionMask":{"count":1222212,"self":1.6148859999999998,"total":1.6148859999999998,"children":null},"RequestDecision":{"count":1222212,"self":5.3737119999999994,"total":69.839884,"children":{"AgentInfo.ToProto":{"count":1222212,"self":5.562264,"total":64.466172,"children":{"GenerateSensorData":{"count":1222212,"self":58.903910399999994,"total":58.903907999999994,"children":null}}}}}}},"DecideAction":{"count":101851,"self":1138.5163776,"total":1138.5163969999999,"children":null},"AgentAct":{"count":101851,"self":408.09192959999996,"total":408.197709,"children":{"AgentInfo.ToProto":{"count":1761,"self":0.023313,"total":0.10577099999999999,"children":{"GenerateSensorData":{"count":1761,"self":0.08245799999999999,"total":0.08245799999999999,"children":null}}}}},"AgentInfo.ToProto":{"count":2983,"self":0.034186999999999995,"total":0.193135,"children":{"GenerateSensorData":{"count":2983,"self":0.158948,"total":0.158948,"children":null}}}},"gauges":{"Park90RC.CumulativeReward":{"count":4744,"max":11216.8545,"min":-4973.34473,"runningAverage":1382.06091,"value":57.65802,"weightedAverage":18.1107864}},"metadata":{"timer_format_version":"0.1.0","start_time_seconds":"1720780298","unity_version":"2022.3.30f1","command_line_arguments":"\/home\/hugo\/Repositories\/Unity\/AI-Parking-RC-Unity-v2\/Builds\/90RC_3stack.x86_64 --mlagents-port 5005 -logFile \/home\/hugo\/Repositories\/Unity\/AI-Parking-RC-Unity-v2\/results\/90RC3\/run_logs\/Player-0.log","communication_protocol_version":"1.5.0","com.unity.ml-agents_version":"2.0.1","scene_name":"90RC","end_time_seconds":"1720786294"}}