{
    "name": "root",
    "gauges": {
        "Park90RC.Policy.Entropy.mean": {
            "value": 0.08500692993402481,
            "min": 0.08441731333732605,
            "max": 0.16598956286907196,
            "count": 61
        },
        "Park90RC.Policy.Entropy.sum": {
            "value": 1685.1773681640625,
            "min": 17.776830673217773,
            "max": 3592.3212890625,
            "count": 61
        },
        "Park90RC.Environment.EpisodeLength.mean": {
            "value": 266.6666666666667,
            "min": 0.0,
            "max": 312.4852941176471,
            "count": 61
        },
        "Park90RC.Environment.EpisodeLength.sum": {
            "value": 20800.0,
            "min": 0.0,
            "max": 22737.0,
            "count": 61
        },
        "Park90RC.ParkingSuccessRate.mean": {
            "value": 18.952380952380953,
            "min": 18.7,
            "max": 100.0,
            "count": 61
        },
        "Park90RC.ParkingSuccessRate.sum": {
            "value": 1194.0,
            "min": 959.0,
            "max": 2581.6666536331177,
            "count": 61
        },
        "Park90RC.ParkingMultiplier.mean": {
            "value": -0.4641196966171265,
            "min": -5.934784521659215,
            "max": -0.016056448813866486,
            "count": 61
        },
        "Park90RC.ParkingMultiplier.sum": {
            "value": -4.641196966171265,
            "min": -71.21741425991058,
            "max": -0.17662093695253134,
            "count": 61
        },
        "Park90RC.Step.mean": {
            "value": 11719795.0,
            "min": 10519999.0,
            "max": 11719795.0,
            "count": 61
        },
        "Park90RC.Step.sum": {
            "value": 11719795.0,
            "min": 10519999.0,
            "max": 11719795.0,
            "count": 61
        },
        "Park90RC.Policy.ExtrinsicValueEstimate.mean": {
            "value": 40.631568908691406,
            "min": -1769.100830078125,
            "max": 141.22706604003906,
            "count": 61
        },
        "Park90RC.Policy.ExtrinsicValueEstimate.sum": {
            "value": 4753.8935546875,
            "min": -12383.7060546875,
            "max": 16664.79296875,
            "count": 61
        },
        "Park90RC.Environment.CumulativeReward.mean": {
            "value": -486.79885252102,
            "min": -1095.157349077431,
            "max": 0.0,
            "count": 61
        },
        "Park90RC.Environment.CumulativeReward.sum": {
            "value": -36023.11508655548,
            "min": -81041.64383172989,
            "max": 0.0,
            "count": 61
        },
        "Park90RC.Policy.ExtrinsicReward.mean": {
            "value": -389.43911623310396,
            "min": -876.1259017860567,
            "max": 0.0,
            "count": 61
        },
        "Park90RC.Policy.ExtrinsicReward.sum": {
            "value": -28818.494601249695,
            "min": -64833.3167321682,
            "max": 0.0,
            "count": 61
        },
        "Park90RC.IsTraining.mean": {
            "value": 1.0,
            "min": 1.0,
            "max": 1.0,
            "count": 61
        },
        "Park90RC.IsTraining.sum": {
            "value": 1.0,
            "min": 1.0,
            "max": 1.0,
            "count": 61
        },
        "Park90RC.Losses.PolicyLoss.mean": {
            "value": 0.024110996720846743,
            "min": 0.017101609052624554,
            "max": 0.02776045320671983,
            "count": 60
        },
        "Park90RC.Losses.PolicyLoss.sum": {
            "value": 0.09644398688338697,
            "min": 0.05456945965066552,
            "max": 0.11104181282687932,
            "count": 60
        },
        "Park90RC.Losses.ValueLoss.mean": {
            "value": 2887.1350640869136,
            "min": 1028.1177819824218,
            "max": 4449.702480163574,
            "count": 60
        },
        "Park90RC.Losses.ValueLoss.sum": {
            "value": 11548.540256347655,
            "min": 3084.3533459472656,
            "max": 17798.809920654297,
            "count": 60
        },
        "Park90RC.Policy.LearningRate.mean": {
            "value": 0.000229736252421257,
            "min": 0.000229736252421257,
            "max": 0.00023681692106103334,
            "count": 60
        },
        "Park90RC.Policy.LearningRate.sum": {
            "value": 0.000918945009685028,
            "min": 0.0006906629437790421,
            "max": 0.000946829532390184,
            "count": 60
        },
        "Park90RC.Policy.Epsilon.mean": {
            "value": 0.253157486,
            "min": 0.253157486,
            "max": 0.2578779333333333,
            "count": 60
        },
        "Park90RC.Policy.Epsilon.sum": {
            "value": 1.012629944,
            "min": 0.7604419159999999,
            "max": 1.031219632,
            "count": 60
        },
        "Park90RC.Policy.Beta.mean": {
            "value": 0.0019168107007,
            "min": 0.0019168107007,
            "max": 0.0019755802699999996,
            "count": 60
        },
        "Park90RC.Policy.Beta.sum": {
            "value": 0.0076672428028,
            "min": 0.0057625018542,
            "max": 0.0078986844184,
            "count": 60
        }
    },
    "metadata": {
        "timer_format_version": "0.1.0",
        "start_time_seconds": "1720780293",
        "python_version": "3.10.12 (main, Mar 22 2024, 16:50:05) [GCC 11.4.0]",
        "command_line_arguments": "/home/hugo/.local/bin/mlagents-learn Config/RC.yaml --run-id=90RC3 --env=Builds/90RC_3stack --resume",
        "mlagents_version": "1.0.0",
        "mlagents_envs_version": "1.0.0",
        "communication_protocol_version": "1.5.0",
        "pytorch_version": "2.3.0+cu121",
        "numpy_version": "1.21.2",
        "end_time_seconds": "1720786295"
    },
    "total": 6001.782656881987,
    "count": 1,
    "self": 0.008986795990495011,
    "children": {
        "run_training.setup": {
            "total": 0.048464961000718176,
            "count": 1,
            "self": 0.048464961000718176
        },
        "TrainerController.start_learning": {
            "total": 6001.725205124996,
            "count": 1,
            "self": 4.0613384287426015,
            "children": {
                "TrainerController._reset_env": {
                    "total": 7.809912384997006,
                    "count": 1,
                    "self": 7.809912384997006
                },
                "TrainerController.advance": {
                    "total": 5989.781730353265,
                    "count": 101843,
                    "self": 1.4690335240593413,
                    "children": {
                        "env_step": {
                            "total": 5988.312696829205,
                            "count": 101843,
                            "self": 5539.156883782285,
                            "children": {
                                "SubprocessEnvManager._take_step": {
                                    "total": 447.4116163505678,
                                    "count": 101843,
                                    "self": 10.687102732772473,
                                    "children": {
                                        "TorchPolicy.evaluate": {
                                            "total": 436.7245136177953,
                                            "count": 101843,
                                            "self": 436.7245136177953
                                        }
                                    }
                                },
                                "workers": {
                                    "total": 1.7441966963524465,
                                    "count": 101842,
                                    "self": 0.0,